Id,Name,Type,AccountCategory,AlternativeName,SeedTag
d6e12069-b229-5676-ab8b-72129ee8f6ca,Harborline Development Group,Developer,,Harborline Dev Group; HDG,HackathonSeed
698fdf09-5bcb-5e15-809b-20e16e108424,Summit Ridge Properties,Developer,,,HackathonSeed
33e97852-7071-5f4f-9766-dcfeb4b424cb,Cedar & Stone Developments,Developer,,,HackathonSeed
e1268ab9-e9a8-5927-9012-491d97293fa3,Northgate Urban Partners,Developer,,,HackathonSeed
a1ff4661-d791-5859-830e-a3a34981c02a,Bluewater Living Co.,Developer,,,HackathonSeed
17719cd9-3488-5637-9b94-876a1dcbda7e,Arcline Architects,Architect,,,HackathonSeed
3a98c667-c13a-5bec-bef4-057d19a4956d,Meridian Design Studio,Architect,,,HackathonSeed
375b1302-2b67-5e34-8de6-5c9f0e29cef7,Halvorsen + Reyes Architecture,Architect,,,HackathonSeed
64d0f99f-57c7-5b17-b790-5804357612a9,Studio Lumen,Architect,,,HackathonSeed
01f748db-1fbe-5868-ae9d-96398222f9c1,Ironclad Builders,Contractor,,,HackathonSeed
26a7cf4e-5aee-5be1-9b53-5347ce2ac282,Keystone Construction Co.,Contractor,,,HackathonSeed
5ca26606-5641-54cc-9f76-b13068e8c273,Pinnacle General Contracting,Contractor,,,HackathonSeed
9daa8548-1d3b-5068-857a-eea7430c2faa,Metro Appliance Supply,Dealer,A,,HackathonSeed
7d9ed92b-ad67-5154-9be3-75b9a73cdf8e,Coastal Kitchen Distributors,Dealer,B,,HackathonSeed
6133c6f6-eb07-54cc-90ce-a56e71000241,Prairie Home Appliance,Dealer,C,,HackathonSeed
5d40f820-d8aa-56e3-b73e-62a26fba7da2,Lakeshore Builder Supply,Dealer,B,,HackathonSeed
fd265150-7823-5dbd-9a4d-890b46452e7d,Everline Appliances,Our company,,,HackathonSeed
2b5117e5-837c-5249-a7f0-22279d2833f1,Crest Interior Studio,Partner,,,HackathonSeed
6184e709-2e1d-5979-8e99-b63eeb5d2002,Copperleaf Engineering,Partner,,,HackathonSeed
75ab927d-cbd7-5207-86db-afdcf318a5a0,Vista Specification Partners,Partner,,,HackathonSeed
