Id,Name,Account,Email,JobTitle,SeedTag
799d05b0-7010-56e0-8674-f89facd2bbaf,Avery Lane,Harborline Development Group,fixture01@example.com,Project liaison,HackathonSeed
7c0f4edf-0ee2-514c-a6ca-f201e8fcbe3a,Jordan Reed,Summit Ridge Properties,fixture02@example.com,Project liaison,HackathonSeed
c68b6cb4-e054-58ca-8018-e4f17ce313eb,Morgan Brooks,Cedar & Stone Developments,fixture03@example.com,Project liaison,HackathonSeed
298e7c62-6bb7-569a-8282-07b46e12682d,Taylor Quinn,Northgate Urban Partners,fixture04@example.com,Project liaison,HackathonSeed
3fa05f22-37a6-5dbf-948a-02f82a180340,Casey Blake,Bluewater Living Co.,fixture05@example.com,Project liaison,HackathonSeed
a72867b3-4993-5230-9509-e9b441975901,Riley Hart,Arcline Architects,fixture06@example.com,Project liaison,HackathonSeed
bde948e6-14e1-5487-809a-5a647be38e90,Jamie Ellis,Meridian Design Studio,fixture07@example.com,Project liaison,HackathonSeed
3503d8fa-08ab-5b43-a61d-3df476dee4cf,Cameron Vale,Halvorsen + Reyes Architecture,fixture08@example.com,Project liaison,HackathonSeed
3a28db7f-96c6-5ffa-910a-793c22d0ed1e,Alex Rowan,Studio Lumen,fixture09@example.com,Project liaison,HackathonSeed
87ae156d-4081-5891-b9c2-b8a3362d979d,Drew Parker,Metro Appliance Supply,fixture10@example.com,Project liaison,HackathonSeed
5cd6a89b-98e0-525f-820a-d9a7abfe7b61,Robin Hayes,Coastal Kitchen Distributors,fixture11@example.com,Project liaison,HackathonSeed
6df32749-30c3-5999-8d70-1f45c69ee052,Sam Emery,Prairie Home Appliance,fixture12@example.com,Project liaison,HackathonSeed
7624ec96-eaba-5823-986d-9fca60d4b323,Quinn Avery,Lakeshore Builder Supply,fixture13@example.com,Project liaison,HackathonSeed
f088a467-4737-5eae-b9f5-1b299a9b8cb0,Reese Harper,Harborline Development Group,fixture14@example.com,Project liaison,HackathonSeed
1fe4b3bc-7e28-5a0f-9629-02330f2da46c,Skyler Gray,Summit Ridge Properties,fixture15@example.com,Project liaison,HackathonSeed
