Source,Source Project ID,Project Name,Project Type,Stage,Address,City,State,Country,Est. Construction Value,Units,Bid Date,Start Date,Completion Date,Owner/Developer,Architect,GC/Builder,Dealer,Key Contact,Contact Email,Contact Role,Description
Dodge,PI-DEMO-01,Aurora Skyline,Multifamily High-Rise,Design development,710 Example Avenue,Austin,TX,United States,180000000,320,2026-11-15,2027-02-01,2029-06-30,Summit Ridge Properties,Meridian Design Studio,Keystone Construction Co.,Coastal Kitchen Distributors,Jordan Reed,fixture02@example.com,Project liaison,Fictional HackathonSeed intake scenario 1.
Dodge,PI-DEMO-02,Elmwood Residences,Multifamily High-Rise,Design development,720 Example Avenue,Austin,TX,United States,65000000,160,2026-11-15,2027-02-01,2029-06-30,Cedar & Stone Developments,Halvorsen + Reyes Architecture,Pinnacle General Contracting,Prairie Home Appliance,Morgan Brooks,fixture03@example.com,Project liaison,Fictional HackathonSeed intake scenario 2.
Dodge,PI-DEMO-03,Meadow Senior Living,Multifamily High-Rise,Design development,730 Example Avenue,Austin,TX,United States,22000000,80,2026-11-15,2027-02-01,2029-06-30,Northgate Urban Partners,Studio Lumen,Ironclad Builders,Lakeshore Builder Supply,Taylor Quinn,fixture04@example.com,Project liaison,Fictional HackathonSeed intake scenario 3.
Dodge,BASE-004,Cedar Grove Heights,Multifamily High-Rise,Design development,130 Example Avenue,Phoenix,AZ,United States,55000000,130,2026-11-15,2027-02-01,2029-06-30,Northgate Urban Partners,Arcline Architects,Keystone Construction Co.,Metro Appliance Supply,Casey Blake,fixture05@example.com,Project liaison,Fictional HackathonSeed intake scenario 4.
Dodge,PI-DEMO-05,Northgate Hotel,Multifamily High-Rise,Design development,140 Example Avenue,Seattle,WA,United States,60000000,140,2026-11-15,2027-02-01,2029-06-30,Bluewater Living Co.,Meridian Design Studio,Pinnacle General Contracting,Coastal Kitchen Distributors,Riley Hart,fixture06@example.com,Project liaison,Fictional HackathonSeed intake scenario 5.
Dodge,PI-DEMO-06,Bluewater Gardens,Multifamily High-Rise,Design development,150 Example Avenue,Chicago,IL,United States,65000000,150,2026-11-15,2027-02-01,2029-06-30,Harborline Development Group,Halvorsen + Reyes Architecture,Ironclad Builders,Prairie Home Appliance,Jamie Ellis,fixture07@example.com,Project liaison,Fictional HackathonSeed intake scenario 6.
Dodge,PI-DEMO-07,The Meridian Tower – Phase 2,Multifamily High-Rise,Design development,100 Example Avenue,Austin,TX,United States,40000000,100,2026-11-15,2027-02-01,2029-06-30,Harborline Development Group,Studio Lumen,Keystone Construction Co.,Lakeshore Builder Supply,Cameron Vale,fixture08@example.com,Project liaison,Fictional HackathonSeed intake scenario 7.
Dodge,PI-DEMO-08,The Commons at Riverside,Multifamily High-Rise,Design development,110 Example Avenue,Denver,CO,United States,45000000,110,2026-11-15,2027-02-01,2029-06-30,Summit Ridge Properties,Arcline Architects,Pinnacle General Contracting,Metro Appliance Supply,Alex Rowan,fixture09@example.com,Project liaison,Fictional HackathonSeed intake scenario 8.
Dodge,PI-DEMO-09,Harborline West Residences,Multifamily High-Rise,Design development,790 Example Avenue,Austin,TX,United States,65000000,160,2026-11-15,2027-02-01,2029-06-30,Harbourline Developmnt Grp,Meridian Design Studio,Ironclad Builders,Coastal Kitchen Distributors,Drew Parker,fixture10@example.com,Project liaison,Fictional HackathonSeed intake scenario 9.
Dodge,PI-DEMO-10,Scenario 10,Multifamily High-Rise,Design development,800 Example Avenue,Austin,TX,United States,65000000,160,2026-11-15,2027-02-01,2029-06-30,Harborline Development Group,,Keystone Construction Co.,Prairie Home Appliance,Robin Hayes,fixture11@example.com,Project liaison,Fictional HackathonSeed intake scenario 10.
Dodge,PI-DEMO-11,Scenario 11,Multifamily High-Rise,Design development,810 Example Avenue,Austin,TX,United States,65000000,160,2026-11-15,2027-02-01,2029-06-30,Summit Ridge Properties,Studio Lumen,Pinnacle General Contracting,,Sam Emery,fixture12@example.com,Project liaison,Fictional HackathonSeed intake scenario 11.
Dodge,PI-DEMO-12,Small Home Remodel,Single-Family,Design development,820 Example Avenue,Austin,TX,United States,150000,1,2026-11-15,2027-02-01,2029-06-30,,,,,,,Project liaison,Fictional HackathonSeed intake scenario 12.
Dodge,PI-DEMO-13,Summit Student Village,Multifamily High-Rise,Bidding,160 Example Avenue,Charlotte,NC,United States,175000000,160,2026-11-15,2027-02-01,2029-06-30,Summit Ridge Properties,Meridian Design Studio,Keystone Construction Co.,Coastal Kitchen Distributors,Reese Harper,fixture14@example.com,Project liaison,Fictional HackathonSeed intake scenario 13.
Dodge,PI-DEMO-14,Pier 9 Residences,Multifamily High-Rise,Design development,120 Example Avenue,Miami,FL,United States,50000000,120,2026-11-15,2027-02-01,2029-06-30,Cedar & Stone Developments,Halvorsen + Reyes Architecture,Pinnacle General Contracting,Prairie Home Appliance,Skyler Gray,fixture15@example.com,Project liaison,Fictional HackathonSeed intake scenario 14.
Tender portal,TENDER-PIER9-2026,Pier 9 Residences,Multifamily High-Rise,Design development,120 Example Avenue,Miami,FL,United States,50000000,120,2026-11-15,2027-02-01,2029-06-30,Cedar & Stone Developments,Studio Lumen,Ironclad Builders,Lakeshore Builder Supply,Avery Lane,fixture01@example.com,Project liaison,Fictional HackathonSeed intake scenario 15.
