Id,UsrProjectName,Type,Status,ProjectEntryType,Owner,Account,UsrExternalId,UsrExternalSource,UsrCity,UsrProjectAddress,UsrProjectCountry,UsrConstructionStage,UsrEstimatedProjectValue,UsrNumberOfUnits,UsrPriorityClassification,ParentProject,Opportunity,SeedTag
41c88ecd-00e3-513d-acf9-b86d740c58e0,The Meridian Tower – Phase 1,Multifamily High-Rise,Planned,RESOLVE_DEFAULT_AT_LOAD,RESOLVE_CURRENT_CONTACT_AT_LOAD,Harborline Development Group,BASE-001,Dodge,Austin,100 Example Avenue,United States,Conceptual,40000000,100,Strategic Pursuit,,c298bdf6-131b-5527-8256-3cb47e528cb3,HackathonSeed
8329dee5-0ea4-5d39-b284-443f2e9d55f6,Riverside Commons,Multifamily Mid-Rise,Planned,RESOLVE_DEFAULT_AT_LOAD,RESOLVE_CURRENT_CONTACT_AT_LOAD,Summit Ridge Properties,BASE-002,Dodge,Denver,110 Example Avenue,United States,Design development,45000000,110,Active pursuit,,9ee0c4b1-682a-5cf8-bdfe-1e03de5259fa,HackathonSeed
5e36c555-9729-5cce-87b4-cc964432070d,Pier 9 Residences,Mixed-Use,Planned,RESOLVE_DEFAULT_AT_LOAD,RESOLVE_CURRENT_CONTACT_AT_LOAD,Cedar & Stone Developments,BASE-003,Dodge,Miami,120 Example Avenue,United States,Construction documents,50000000,120,Active pursuit,,7c8fc1ec-e5f3-5aed-8baf-d86841991c23,HackathonSeed
a3ce60bc-86ce-5247-ab58-016b47f40a28,Cedar Grove Heights,Hospitality,Planned,RESOLVE_DEFAULT_AT_LOAD,RESOLVE_CURRENT_CONTACT_AT_LOAD,Northgate Urban Partners,BASE-004,Dodge,Phoenix,130 Example Avenue,United States,Bidding,55000000,130,Active pursuit,,3cac48c6-6be0-51aa-a51e-d08fb93b6bbc,HackathonSeed
14dcc25b-ab19-5301-bd25-b50e954dce3a,Northgate Hotel,Senior Living,Planned,RESOLVE_DEFAULT_AT_LOAD,RESOLVE_CURRENT_CONTACT_AT_LOAD,Bluewater Living Co.,BASE-005,Dodge,Seattle,140 Example Avenue,United States,Under construction,60000000,140,Active pursuit,,5f3ec7be-ba52-563f-9072-deed965ccad6,HackathonSeed
c242f69b-941a-5915-9c74-a9141e779766,Bluewater Gardens,Student Housing,Planned,RESOLVE_DEFAULT_AT_LOAD,RESOLVE_CURRENT_CONTACT_AT_LOAD,Harborline Development Group,BASE-006,Dodge,Chicago,150 Example Avenue,United States,Completed,65000000,150,Strategic Pursuit,,7a694445-2c26-5540-897a-3828aba09a30,HackathonSeed
5247e509-e3c6-5ed5-9b61-c8cf2c6f8e34,Summit Student Village,Single-Family Community,Planned,RESOLVE_DEFAULT_AT_LOAD,RESOLVE_CURRENT_CONTACT_AT_LOAD,Summit Ridge Properties,BASE-007,Dodge,Charlotte,160 Example Avenue,United States,Conceptual,70000000,160,Active pursuit,,821497ef-d492-52bb-820c-99431b5b8ce8,HackathonSeed
bc51cf40-9102-5038-b6c6-f8341e1f92b3,Lumen Senior Living,Multifamily High-Rise,Planned,RESOLVE_DEFAULT_AT_LOAD,RESOLVE_CURRENT_CONTACT_AT_LOAD,Cedar & Stone Developments,BASE-008,Dodge,Nashville,170 Example Avenue,United States,Design development,75000000,170,Active pursuit,,7a04f748-faa1-54bf-9000-6fa52760092d,HackathonSeed
d0284c60-0382-5d08-b317-0219d12e135f,Copperleaf Residences,Multifamily Mid-Rise,Planned,RESOLVE_DEFAULT_AT_LOAD,RESOLVE_CURRENT_CONTACT_AT_LOAD,Northgate Urban Partners,BASE-009,Dodge,Austin,180 Example Avenue,United States,Construction documents,80000000,180,Active pursuit,,,HackathonSeed
1f824708-9da7-5e47-8112-bcea8a1c988f,Stonebridge Commons,Mixed-Use,Planned,RESOLVE_DEFAULT_AT_LOAD,RESOLVE_CURRENT_CONTACT_AT_LOAD,Bluewater Living Co.,BASE-010,Dodge,Denver,190 Example Avenue,United States,Bidding,85000000,190,Active pursuit,,,HackathonSeed
ee3ea9a6-61c6-5ed7-88b5-a9d23066af02,Willow Creek Apartments,Hospitality,Planned,RESOLVE_DEFAULT_AT_LOAD,RESOLVE_CURRENT_CONTACT_AT_LOAD,Harborline Development Group,BASE-011,Dodge,Miami,200 Example Avenue,United States,Under construction,90000000,200,Strategic Pursuit,,,HackathonSeed
85793922-a6f5-52ef-8fda-ab2f2feca4c2,Lakeview Terrace,Senior Living,Planned,RESOLVE_DEFAULT_AT_LOAD,RESOLVE_CURRENT_CONTACT_AT_LOAD,Summit Ridge Properties,BASE-012,Dodge,Phoenix,210 Example Avenue,United States,Completed,95000000,210,Active pursuit,,,HackathonSeed
53820822-d658-5fcd-b2c4-40c54d8c2e2a,Vista Mixed Use,Student Housing,Planned,RESOLVE_DEFAULT_AT_LOAD,RESOLVE_CURRENT_CONTACT_AT_LOAD,Cedar & Stone Developments,BASE-013,Dodge,Seattle,220 Example Avenue,United States,Conceptual,100000000,220,Active pursuit,,,HackathonSeed
cbd49339-007b-5275-a43d-e6b098e650d1,Orchard Square,Single-Family Community,Planned,RESOLVE_DEFAULT_AT_LOAD,RESOLVE_CURRENT_CONTACT_AT_LOAD,Northgate Urban Partners,BASE-014,Dodge,Chicago,230 Example Avenue,United States,Design development,105000000,230,Active pursuit,,,HackathonSeed
80513616-47c0-5b05-9d6f-e7cc444e6764,Maple Court,Multifamily High-Rise,Planned,RESOLVE_DEFAULT_AT_LOAD,RESOLVE_CURRENT_CONTACT_AT_LOAD,Bluewater Living Co.,BASE-015,Dodge,Charlotte,240 Example Avenue,United States,Construction documents,110000000,240,Active pursuit,,,HackathonSeed
984341dc-a6c9-5844-ab4f-2c97185a5f15,Juniper Heights,Multifamily Mid-Rise,Planned,RESOLVE_DEFAULT_AT_LOAD,RESOLVE_CURRENT_CONTACT_AT_LOAD,Harborline Development Group,BASE-016,Dodge,Nashville,250 Example Avenue,United States,Bidding,115000000,250,Strategic Pursuit,,,HackathonSeed
c9388df7-45bb-5fef-a150-c746d37df502,Prairie Village,Mixed-Use,Planned,RESOLVE_DEFAULT_AT_LOAD,RESOLVE_CURRENT_CONTACT_AT_LOAD,Summit Ridge Properties,BASE-017,Dodge,Austin,260 Example Avenue,United States,Under construction,120000000,260,Active pursuit,,,HackathonSeed
5df9a784-5afa-5f35-9924-4a274fae2b9f,Harbor Point Hotel,Hospitality,Planned,RESOLVE_DEFAULT_AT_LOAD,RESOLVE_CURRENT_CONTACT_AT_LOAD,Cedar & Stone Developments,BASE-018,Dodge,Denver,270 Example Avenue,United States,Completed,125000000,270,Active pursuit,,,HackathonSeed
81fdbaf9-7bef-55ce-8f77-9ea39a7c4d3e,Canyon Apartments,Senior Living,Planned,RESOLVE_DEFAULT_AT_LOAD,RESOLVE_CURRENT_CONTACT_AT_LOAD,Northgate Urban Partners,BASE-019,Dodge,Miami,280 Example Avenue,United States,Conceptual,130000000,280,Active pursuit,,,HackathonSeed
1eef1e92-c20f-540b-b6b6-34a2e54c5f46,Elm Street Residences,Student Housing,Planned,RESOLVE_DEFAULT_AT_LOAD,RESOLVE_CURRENT_CONTACT_AT_LOAD,Bluewater Living Co.,BASE-020,Dodge,Phoenix,290 Example Avenue,United States,Design development,135000000,290,Active pursuit,,,HackathonSeed
ceaa3057-2503-5771-bf25-270b8b2de0ca,Pinecrest Living,Single-Family Community,Planned,RESOLVE_DEFAULT_AT_LOAD,RESOLVE_CURRENT_CONTACT_AT_LOAD,Harborline Development Group,BASE-021,Dodge,Seattle,300 Example Avenue,United States,Construction documents,140000000,300,Strategic Pursuit,,,HackathonSeed
d07b8408-2bb2-5f3e-86c7-c7663534b3ae,Westgate Place,Multifamily High-Rise,Planned,RESOLVE_DEFAULT_AT_LOAD,RESOLVE_CURRENT_CONTACT_AT_LOAD,Summit Ridge Properties,BASE-022,Dodge,Chicago,310 Example Avenue,United States,Bidding,145000000,310,Active pursuit,,,HackathonSeed
4eb3a8c5-e150-5533-a03b-ce33fd7d4604,Clearwater Court,Multifamily Mid-Rise,Planned,RESOLVE_DEFAULT_AT_LOAD,RESOLVE_CURRENT_CONTACT_AT_LOAD,Cedar & Stone Developments,BASE-023,Dodge,Charlotte,320 Example Avenue,United States,Under construction,150000000,320,Active pursuit,,,HackathonSeed
e376588a-a96f-541f-be16-0bba7280736a,Oakline Campus,Mixed-Use,Planned,RESOLVE_DEFAULT_AT_LOAD,RESOLVE_CURRENT_CONTACT_AT_LOAD,Northgate Urban Partners,BASE-024,Dodge,Nashville,330 Example Avenue,United States,Completed,155000000,330,Active pursuit,,,HackathonSeed
443999e6-f292-554f-b9fc-5128e8f016a7,Meadowbrook Community,Hospitality,Planned,RESOLVE_DEFAULT_AT_LOAD,RESOLVE_CURRENT_CONTACT_AT_LOAD,Bluewater Living Co.,BASE-025,Dodge,Austin,340 Example Avenue,United States,Conceptual,160000000,340,Active pursuit,,,HackathonSeed
